country,eco_exp,eco_sens,eco_recov,eco_vul,soc_sen,soc_ac,se_vul
ANG,0.611149174,0.228839607,0.397333481,0.4426553,0.215715921,0.545833333,0.112537887
ANT,0.53281725,0.22034631,0.4002554,0.352908161,0.192976173,0.5825,-0.036615666
ARUB,0.623388102,0.138928193,0.591592187,0.170724108,0.204307306,0.295,0.080031414
BAH,0.536452074,0.276735537,0.443347775,0.369839836,0.171482578,0.753333333,-0.212010919
BARB,0.664899687,0.182216024,0.397912664,0.449203047,0.174898111,0.6275,-0.003398841
BART,0.508843013,0.112077673,0.344895061,0.276025626,0.380593354,0.507083333,0.149535647
BON,0.565278094,0.143336078,0.592496569,0.116117603,0.284224562,0.497083333,-0.096741169
BVI,0.6199283,0.200092546,0.444283689,0.375737157,0.281139561,0.725833333,-0.068956616
CAY,0.511683677,0.130178479,0.452923672,0.188938484,0.202236452,0.589166667,-0.197991731
CUB,0.731139685,0.19006073,0.541766115,0.3794343,0.137833456,0.718333333,-0.201065577
CUR,0.562899539,0.169535467,0.533143778,0.199291228,0.058682714,0.498333333,-0.240359392
DMA,0.565805147,0.106243524,0.511324273,0.160724398,0.178016841,0.595,-0.256258761
DOM,0.577924448,0.26716098,0.510873718,0.334211711,0.114527434,0.74075,-0.292010855
EUST,0.467620517,0.266359641,0.454582186,0.279397972,0.195134261,0.28875,0.185782233
GREN,0.724824289,0.1128293,0.325284961,0.512368628,0.132644739,0.711666667,-0.066653299
GUAD,0.600133268,0.197861777,0.450070647,0.347924397,0.171588757,0.6225,-0.102986846
HAIT,0.587571469,0.228976662,0.394737762,0.42181037,0.162084564,0.2685,0.315394933
JAM,0.51714916,0.240968101,0.496612589,0.261504672,0.171426871,0.732083333,-0.29915179
KITTS,0.531956195,0.156942293,0.383741285,0.305157203,0.180113348,0.501083333,-0.015812783
MAAR,0.543724288,0.31731003,0.401425213,0.459609105,0.224302711,0.372083333,0.311828482
MART,0.642984594,0.128309053,0.488476529,0.282817118,0.172163382,0.550166667,-0.095186167
MONT,0.481723138,0.126513224,0.350377013,0.257859349,0.182495654,0.540833333,-0.10047833
PUER,0.551755551,0.20646272,0.511853413,0.246364858,0.169973091,0.604833333,-0.188495385
SABA,0.598558203,0.267079006,0.307804839,0.55783237,0.257021694,0.28875,0.526104065
SLUC,0.608746254,0.116176536,0.508975823,0.215946967,0.19033816,0.69,-0.283714873
SMART,0.637666308,0.110548116,0.378859587,0.369354837,0.20840013,0.41375,0.164004967
TRIN,0.798503531,0.161540545,0.520568375,0.439475702,0.118024034,0.631666667,-0.074166931
TURK,0.579574687,0.230174032,0.39907934,0.410669379,0.228774601,0.715,-0.075556021
USVI,0.573294333,0.171139067,0.416830425,0.327602976,0.207911769,0.747916667,-0.212401922
VINC,0.709472437,0.127473378,0.439054833,0.397890982,0.185317732,0.605666667,-0.022457953
